<?xml version="1.0" encoding="utf-8" standalone="no" ?>
<GUIProfiles>
    <Presets>
        <Preset name="colorTransparent" value="0 0 0 0" />

        <Preset name="colorGlass" value="0.018 0.016 0.015 0.6" />
        <Preset name="colorGlass_50" value="0.018 0.016 0.015 0.25" />

        <Preset name="colorGlassVeryLight" value="0.718 0.716 0.715 0.04" />
        <Preset name="colorGlassExtremelyLight" value="0.918 0.916 0.915 0.15" />
        <Preset name="colorGlassMedium" value="0.118 0.116 0.115 0.20" />
        <Preset name="colorGlassDark" value="0.018 0.016 0.015 0.65" />
        <Preset name="colorGlassLight" value="0.718 0.716 0.715 0.25" />
        <Preset name="colorGlassLight_50" value="0.718 0.716 0.715 0.0625" />
        <Preset name="colorGlassLight_75" value="0.718 0.716 0.715 0.09375" />

        <Preset name="colorMainUI" value="0.0227 0.5346 0.8519 1"/>
        <Preset name="colorMainUIAlt" value="0.9900 0.4640 0.0010 1" />
        <Preset name="colorDisabled" value="0.4 0.4 0.4 1" />

        <Preset name="colorWhite" value="1 1 1 1" />
        <Preset name="colorWhite_50" value="1 1 1 0.5" />
        <Preset name="colorWhite_25" value="1 1 1 0.25" />
        <Preset name="colorRed" value="0.8069 0.0097 0.0097 1" />
        <Preset name="colorDarkRed" value="0.2832 0.0091 0.0091 1" />
        <Preset name="colorBlue" value="0.0742 0.4341 0.6939 1" />
        <Preset name="colorGreen" value="0.0781 0.2233 0.0478 1" />
        <Preset name="colorGreen2" value="0.2122 0.5271 0.0307 1" />

        <Preset name="colorBlack" value="0 0 0 1" />
        <Preset name="colorBlack2" value="0.0075 0.0075 0.0075 1" />
        <Preset name="colorBlack3" value="0.013 0.013 0.013 1" />
        <Preset name="colorBlack3_97" value="0.013 0.013 0.013 0.97" />
        <Preset name="colorBlack3_70" value="0.013 0.013 0.013 0.7" />
        <Preset name="colorBlack3_0" value="0.013 0.013 0.013 0" />

        <Preset name="colorDarkGrey" value="0.0284 0.0284 0.0284 1" />
        <Preset name="colorDarkGrey_0" value="0.0284 0.0284 0.0284 0" />
        <Preset name="colorDarkGrey2" value="0.0630 0.0630 0.0630 1" />
        <Preset name="colorDarkGrey2_50" value="0.0630 0.0630 0.0630 0.5" />
        <Preset name="colorDarkGrey2_70" value="0.0630 0.0630 0.0630 0.7" />
        <Preset name="colorDarkGrey3" value="0.0194 0.0194 0.0194 1" />
        <Preset name="colorDarkGrey4" value="0.0723 0.0723 0.0723 1" />
        <Preset name="colorDarkGrey5" value="0.1356 0.1356 0.1356 1" />
        <Preset name="colorDarkGrey6" value="0.03 0.03 0.03 1" />
        <Preset name="colorDarkGrey7" value="0.0212 0.0212 0.0212 1" />

        <Preset name="colorLightGrey" value="0.0482 0.0482 0.0482 1" />
        <Preset name="colorDescriptionText" value="0.2918 0.2918 0.2918 1" />
        <Preset name="colorDescriptionText2" value="0.6 0.6 0.6 1" />
        <Preset name="colorDescriptionText3" value="0.1845 0.1845 0.1845 1" />
        <Preset name="colorDescriptionText4" value="0.6307 0.6307 0.6307 1" />

        <Preset name="colorListHeaderBackground" value="0 0 0 0.35" />
    </Presets>

	<Traits>
		<Trait name="debugging">
			<Value name="debugEnabled" value="true" />
		</Trait>
		<Trait name="anchorTopLeft">
			<Value name="screenAlign" value="topLeft" />
			<Value name="positionOrigin" value="topLeft" />
		</Trait>
		<Trait name="anchorTopCenter">
			<Value name="screenAlign" value="topCenter" />
			<Value name="positionOrigin" value="topCenter" />
		</Trait>
	</Traits>

    <Profile name="ingameMenuRowCellLeft" extends="baseReference">
        <Value name="textSize" value="18px"/>
        <Value name="textBold" value="false"/>
        <Value name="textUpperCase" value="false"/>
        <Value name="textColor" value="$preset_colorWhite"/>
        <Value name="textAlignment" value="left"/>
        <Value name="textVerticalAlignment" value="middle"/>
    </Profile>
    <Profile name="ingameMenuRowCellRight" extends="baseReference">
        <Value name="textSize" value="18px"/>
        <Value name="textBold" value="false"/>
        <Value name="textUpperCase" value="false"/>
        <Value name="textColor" value="$preset_colorWhite"/>
        <Value name="textAlignment" value="right"/>
        <Value name="textVerticalAlignment" value="middle"/>
    </Profile>
    <Profile name="ingameMenuHeaderCellLeft" extends="ingameMenuFrameHeaderText" with="anchorMiddleLeft">
        <Value name="textSize" value="20px"/>
        <Value name="textBold" value="true"/>
        <Value name="textUpperCase" value="false"/>
        <Value name="textColor" value="$preset_colorBlue"/>
        <Value name="textAlignment" value="left"/>
        <Value name="textVerticalAlignment" value="middle"/>
    </Profile>
    <Profile name="ingameMenuHeaderCellRight" extends="ingameMenuFrameHeaderText" with="anchorMiddleLeft">
        <Value name="textSize" value="20px"/>
        <Value name="textBold" value="true"/>
        <Value name="textUpperCase" value="false"/>
        <Value name="textColor" value="$preset_colorBlue"/>
        <Value name="textAlignment" value="right"/>
        <Value name="textVerticalAlignment" value="middle"/>
    </Profile>
    <Profile name="ingameMenuHeaderBox" extends="emptyPanel" with="anchorTopLeft">
        <Value name="alignmentX" value="left"/>
        <Value name="alignmentY" value="middle"/>
        <Value name="imageColor" value="$preset_colorListHeaderBackground"/>
        <Value name="flowDirection" value="horizontal"/>
        <Value name="wrapAround" value="true"/>
        <Value name="lateralFlowSize" value="200px"/>
        <Value name="fitToElements" value="false"/>
        <Value name="autoValidateLayout" value="true"/>
        <Value name="hasFrame" value="false"/>    
    </Profile>
    <Profile name="ingameMenuFillTypeImage" extends="baseReference">
        <Value name="size" value="31px 31px" />
        <Value name="position" value="15px 4px" />
        <Value name="imageUVs" value="0 0 1 1" />
    </Profile>
</GUIProfiles>