<modDesc descVersion="80">
	<author>Fetty42</author>
	<version>1.1.4.0</version>
	<title>
        <en>AnimalFoodOverview</en>
		<de>Tierfutter Übersicht</de>
		<fr>Tableau Alimentation Animale</fr>
        <it>Panoramica Degli Alimenti Per Animali</it>
    </title>
    <description>
        <de><![CDATA[Spätestens mit MaizePlus ist es nicht mehr so ganz einfach zu wissen, welche Futterarten in den jeweiligen Futtergruppen enthalten sind.
Mit diesem MOD kann man sich pro Tierart die jeweiligen Futtergruppen und die darin enthaltenen Futterarten anzeigen lassen.

Für Fehlermeldungen oder Anregungen besucht bitte: https://github.com/Fetty42/FS22_AnimalFoodOverview oder https://forum.giants-software.com/viewtopic.php?t=208708

Update 1.1.4.0
- TerraLifePlus-MOD Erkennung verbessert

Update 1.1.3.0
- TerraLifePlus Kompatibilität (aktuelle GUI ist noch nicht optimal für die große Anzahl an Tier- und Futterarten die TerraLifePlus mitbringt)
- Italienische Übersetzung (Dank an FirenzeIT)
- kleinere GUI Anpassungen

Update 1.1.2.0
- kleine Codekorrekturen
- Problem behoben, dass in seltenen Fällen die Aktionsstasten nicht verfügbar waren
- CZ Übersetzung hinzugefügt (Dank an janse1984)

Update 1.1.1.0
- Korrektur der nicht sichtbaren Spaltenüberschriften
- Fix für nicht standard Tiere, damit sie im Dialog nicht mehr mit "nil" angezeigt werden (thx Achimobil)

Update 1.1.0.0
- Separater Dialog für die Anzeige aller Mixtur-Rezepte
- Futterarten Anzeige um die jeweiligen Mixturen ergänzt]]></de>
		<en><![CDATA[With MaizePlus at the latest, it is no longer so easy to know which food types are contained in the respective food groups.
With this MOD you can display the respective food groups and the food types contained in them per animal species.

For error messages or suggestions please visit: https://github.com/Fetty42/FS22_AnimalFoodOverview or https://forum.giants-software.com/viewtopic.php?t=208708

Update 1.1.4.0
- TerraLifePlus-MOD detection improved

Update 1.1.3.0
- TerraLifePlus compatibility (current GUI is not yet optimal for the large number of animal and food types that TerraLifePlus brings)
- Italian translation (thanks to FirenzeIT)
- minor GUI adjustments

Update 1.1.2.0
- small code corrections
- fixed the problem that in rare cases the action buttons were not available
- CZ translation added (thanks to janse1984)

Update 1.1.1.0
- Correction of the invisible column headers
- fix for non-standard animals to not show "nil" in the dialog (thx Achimobil)

Update 1.1.0.0
- Separate dialog for the display of all mixture recipes
- Food types display supplemented by the respective mixtures]]></en>
		<fr><![CDATA[Avec MaizePlus activé, il n'est plus aussi facile de savoir quels types d'aliments sont contenus dans les différents groupes alimentaires.
Avec ce MOD, vous pouvez afficher les différents groupes d'aliments et les types d'aliments qu'ils contiennent par espèce animale.

Pour les messages d'erreur ou les suggestions, veuillez visiter : https://github.com/Fetty42/FS22_AnimalFoodOverview ou https://forum.giants-software.com/viewtopic.php?t=208708
 
Mise à jour 1.1.4.0
- Amélioration de la reconnaissance du MOD TerraLifePlus

Mise à jour 1.1.3.0
- Compatibilité TerraLifePlus (l'interface graphique actuelle n'est pas encore optimale pour le grand nombre d'espèces animales et d'aliments que TerraLifePlus apporte)
- traduction italienne (merci à FirenzeIT)
- petites adaptations de l'interface graphique

Mise à jour 1.1.2.0
- petites corrections de code
- correction du problème qui faisait que dans de rares cas, les boutons d'action n'étaient pas disponibles
- traduction CZ ajoutée (merci à janse1984)

Mise à jour 1.1.1.0
- Correction des en-têtes de colonnes invisibles
- correction pour les animaux non standard afin de ne pas afficher "nil" dans le dialogue (merci Achimobil)

Mise à jour 1.1.0.0
- Dialogue séparé pour l'affichage de toutes les recettes de mélange
- Affichage des types d'aliments complété par les mélanges respectifs]]></fr>
        <it><![CDATA[Con MaizePlus, non è più così facile sapere quali tipi di alimenti sono contenuti nei rispettivi gruppi alimentari. 
Con questo MOD puoi visualizzare i rispettivi gruppi alimentari e i tipi di alimenti contenuti in essi per ogni specie animale.

Per segnalazioni di errori o suggerimenti visitare: https://github.com/Fetty42/FS22_AnimalFoodOverview o https://forum.giants-software.com/viewtopic.php?t=208708

Aggiornamento 1.1.4.0
- Migliorato il rilevamento di TerraLifePlus-MOD

Aggiornamento 1.1.3.0
- Compatibilità con TerraLifePlus (l'attuale interfaccia grafica non è ancora ottimale per il gran numero di specie animali e alimentari che TerraLifePlus porta con sé)
- traduzione italiana (grazie a FirenzeIT)
- piccoli aggiustamenti dell'interfaccia grafica

Aggiornamento 1.1.2.0
- piccole correzioni al codice
- risolto il problema per cui in rari casi i pulsanti di azione non erano disponibili
- aggiunta la traduzione CZ (grazie a janse1984)

Aggiornamento 1.1.1.0
- Correzione delle intestazioni di colonna invisibili
- correzione per gli animali non standard per non mostrare "nil" nel dialogo (grazie Achimobil)

Aggiornamento 1.1.0.0
- Dialogo separato per la visualizzazione di tutte le ricette di miscele
- Visualizzazione dei tipi di alimenti integrata dalle rispettive miscele]]></it>
    </description>
	
	<iconFilename>icon_AnimalFoodOverview.dds</iconFilename>
	<multiplayer supported="true" />
	<extraSourceFiles>
		<sourceFile filename="AnimalFoodOverview.lua" />
	</extraSourceFiles>
	<actions>
      	<action name="ShowAnimalFoodDlg" category="SYSTEM" />
  	</actions>	
  	<inputBinding>
      	<actionBinding action="ShowAnimalFoodDlg">
        	<binding device="KB_MOUSE_DEFAULT" input="KEY_rctrl KEY_rshift KEY_f" />
      	</actionBinding>
  	</inputBinding>	
	<l10n>
		<text name="input_ShowAnimalFoodDlg">
			<de>Übersicht der Tierfütterung anzeigen</de>
			<en>Show Animal Food Overview</en>
			<ru>Обзор кормов</ru>
			<cz>Zobrazit přehled krmiva pro zvířata</cz>
			<fr>Affichage du tableau d'alimentation animale</fr>
            <it>Mostra Panoramica degli Alimenti per Animali</it>
		</text>

	<!-- Dlg -->
        <text name="ui_animalFoodDlg_title">
			<de>Übersicht der Tierfütterung</de>
			<en>Animal Food Overview</en>
			<ru>Обзор кормов для животных</ru>
			<cz>Přehled krmiv pro zvířata</cz>
			<fr>Tableau Alimentation Animale</fr>
        	<it>Panoramica dell'Alimentazione Animale</it>
		</text>		
        <text name="ui_animalFoodDlg_header_FoodGroup">
			<de>Futtergruppen</de>	
			<en>Food Group</en>
			<ru>Группа кормов</ru>
			<cz>Skupiny potravin</cz>
			<fr>Groupe alimentaire</fr>
        	<it>Gruppo Alimentare</it>
        </text>		
        <text name="ui_animalFoodDlg_header_ProductionWeight">
			<de>Prod.-Gew.</de>	
			<en>Prod. Weight</en>
			<ru>Удел. вес</ru>
			<cz>Prod. Hmotn.</cz>
			<fr>Ratio Prod</fr>
       		<it>Peso Prod.</it>
        </text>		
        <text name="ui_animalFoodDlg_header_EatWeight">
			<de>Fress-Gew.</de>
			<en>Eat Weight</en>
			<ru>Корм. вес</ru>
			<cz>Hmotnost</cz>
			<fr>Ratio Alim.</fr>
        	<it>Peso Alim.</it>
        </text>		
        <text name="ui_animalFoodDlg_header_FoodTypes">
			<de>Futtersorten</de>
			<en>Food Types</en>
			<ru>Типы кормов</ru>
			<cz>Typy potravin</cz>
			<fr>Types Aliments</fr>
        	<it>Tipi di Alimenti</it>
        </text>		
        <text name="ui_animalFoodDlg_btnClose">
			<de>Schließen</de>	
			<en>Close</en>
			<ru>Закрыть</ru>
			<cz>Zavřít</cz>
			<fr>Fermer</fr>
        	<it>Chiudi</it>
		</text>		
        <text name="ui_animalFoodDlg_btnMix">
			<de>Mixtur-Rezepte anzeigen</de>	
			<en>Show Mixture Recipes</en>
			<ru>Показать рецепты смесей</ru>
			<cz>Zobrazit recepty na směsi</cz>
			<fr>Afficher Recettes Rations</fr>
        	<it>Mostra Ricette delle Miscele</it>
		</text>		
        <text name="ui_animalFoodDlg_sidebar_title">
			<de>Alle Futterarten</de>
			<en>All Food Types</en>
			<ru>Все типы кормов</ru>
			<cz>Všechny typy potravin</cz>
			<fr>Types Aliments (Tous)</fr>
        	<it>Tutti i Tipi di Alimenti</it>
		</text>		
	<!-- Dlg mixtures-->
        <text name="ui_mixturesDlg_title">
			<de>Übersicht der Mixtur-Rezepte</de>
			<en>Mixture Recipes Overview</en>
			<ru>Обзор рецептов смесей</ru>
			<cz>Přehled receptů na směsi</cz>
			<fr>Synthèse Recettes Rations</fr>
        	<it>Panoramica delle Ricette delle Miscele</it>
		</text>		
        <text name="ui_mixturesDlg_header_IngredientTitle">
			<de>Bestandteil</de>
			<en>Ingredient</en>
			<ru>Компонент</ru>
			<cz>Přísady</cz>
			<fr>Ingrédient</fr>
        	<it>Ingrediente</it>
        </text>		
        <text name="ui_mixturesDlg_header_Min">
			<de>Min.</de>
			<en>Min.</en>
			<ru>Мин.</ru>
			<cz>Min.</cz>
			<fr>Min.</fr>
        	<it>Min.</it>
        </text>		
        <text name="ui_mixturesDlg_header_Max">
			<de>Max.</de>
			<en>Max.</en>
			<ru>Макс.</ru>
			<cz>Max.</cz>
			<fr>Max.</fr>
        	<it>Max.</it>
        </text>		
        <text name="ui_mixturesDlg_header_FillTypeTitles">
			<de>Mögliche Futterarten</de>
			<en>Possible forage types</en>
			<ru>Возможные типы кормов</ru>
			<cz>Možné druhy píce</cz>
			<fr>Types Fourrages</fr>
        	<it>Tipi di Foraggi Possibili</it>
        </text>		
	<!-- Text -->
        <text name="txt_Parallel">
			<de>parallel</de>
			<en>parallel</en>
			<ru>паралельный</ru>
			<cz>soubežné</cz>
			<fr>Parallèle</fr>
        	<it>parallelo</it>
        </text>		
        <text name="txt_sequentiel">
			<de>sequentiell</de>
			<en>sequential</en>
			<ru>последовательный</ru>
			<cz>Sekvenční</cz>
			<fr>Série</fr>
        	<it>sequenziale</it>
        </text>		
        <text name="txt_horse">
			<de>Pferd</de>
			<en>Horse</en>
			<ru>Лошади</ru>
			<cz>Kůň</cz>
			<fr>Chevaux</fr>
        	<it>Cavallo</it>
        </text>		
        <text name="txt_pig">
			<de>Schwein</de>
			<en>Pig</en>
			<ru>Свиньи</ru>
			<cz>Prase</cz>
			<fr>Cochons</fr>
        	<it>Maiale</it>
        </text>		
        <text name="txt_cow">
			<de>Kuh</de>
			<en>Cow</en>
			<ru>Коровы</ru>
			<cz>Kráva</cz>
			<fr>Vaches</fr>
        	<it>Mucca</it>
        </text>		
        <text name="txt_sheep">
			<de>Schaf</de>
			<en>Sheep</en>
			<ru>Овцы</ru>
			<cz>Ovce</cz>
			<fr>Moutons</fr>
        	<it>Pecora</it>
        </text>		
        <text name="txt_chicken">
			<de>Huhn</de>
			<en>Chicken</en>
			<ru>Куры</ru>
			<cz>Kuře</cz>
			<fr>Volailles</fr>
			<it>Pollo</it>
        </text>		
        <text name="txt_goat">
			<de>Ziege</de>
			<en>Goat</en>
			<ru>Коза</ru>
			<cz>Kozí</cz>
			<fr>Chèvre</fr>
			<it>Capra</it>
        </text>		
        <text name="txt_haycow">
			<de>Heukuh</de>
			<en>Haycow</en>
			<ru>Корова на сене</ru>
			<cz>Kráva na seno</cz>
			<fr>Vache à foin</fr>
			<it>Mucca da fieno</it>
        </text>		

	</l10n>
</modDesc>
