<modDesc descVersion="72">
	<author>Fetty42</author>
	<version>1.1.0.0</version>
	<title>
        <en>AnimalFoodOverview</en>
		<de>Tierfutter Übersicht</de>
    </title>
    <description>
        <de><![CDATA[Spätestens mit MaizePlus ist es nicht mehr so ganz einfach zu wissen, welche Futterarten in den jeweiligen Futtergruppen enthalten sind. 
Mit diesem MOD kann man sich pro Tierart die jeweiligen Futtergruppen und die darin enthaltenen Futterarten anzeigen lassen.

Update 1.1.0.0
- Separater Dialog für die Anzeige aller Mixtur-Rezepte
- Futterarten Anzeige um die jeweiligen Mixturen ergänzt



Für Fehlermeldungen oder Anregungen besucht bitte: https://github.com/Fetty42/FS22_AnimalFoodOverview]]></de>
		<en><![CDATA[With MaizePlus at the latest, it is no longer so easy to know which food types are contained in the respective food groups. 
With this MOD you can display the respective food groups and the food types contained in them per animal species.

Update 1.1.0.0
- Separate dialog for the display of all mixture recipes
- Food types display supplemented by the respective mixtures

For error messages or suggestions please visit: https://github.com/Fetty42/FS22_AnimalFoodOverview]]></en>
    </description>
	
	<iconFilename>icon_AnimalFoodOverview.dds</iconFilename>
	<multiplayer supported="true" />
	<extraSourceFiles>
		<sourceFile filename="AnimalFoodOverview.lua" />
	</extraSourceFiles>    
	<actions>
      	<action name="ShowAnimalFoodDlg" category="PLAYER VEHICLE" />
  	</actions>	
  	<inputBinding>
      	<actionBinding action="ShowAnimalFoodDlg">
        	<binding device="KB_MOUSE_DEFAULT" input="KEY_rctrl KEY_rshift KEY_f" />
      	</actionBinding>
  	</inputBinding>	
	<l10n>
		<text name="input_ShowAnimalFoodDlg">
			<de>Übersicht der Tierfütterung anzeigen</de>
			<en>Show Animal Food Overview</en>
			<ru>Обзор кормов</ru>
		</text>

	<!-- Dlg -->
        <text name="ui_animalFoodDlg_title">
			<de>Übersicht der Tierfütterung</de>
			<en>Animal Food Overview</en>
			<ru>Обзор кормов для животных</ru>
		</text>		
        <text name="ui_animalFoodDlg_header_FoodGroup">
			<de>Futtergruppen</de>	
			<en>Food Group</en>
			<ru>Группа кормов</ru>
        </text>		
        <text name="ui_animalFoodDlg_header_ProductionWeight">
			<de>Prod.-Gew.</de>	
			<en>Prod. Weight</en>
			<ru>Удел. вес</ru>
        </text>		
        <text name="ui_animalFoodDlg_header_EatWeight">
			<de>Fress-Gew.</de>
			<en>Eat Weight</en>
			<ru>Корм. вес</ru>
        </text>		
        <text name="ui_animalFoodDlg_header_FoodTypes">
			<de>Futtersorten</de>
			<en>Food Types</en>
			<ru>Типы кормов</ru>
        </text>		
        <text name="ui_animalFoodDlg_btnClose">
			<de>Schließen</de>	
			<en>Close</en>
			<ru>Закрыть</ru>
		</text>		
        <text name="ui_animalFoodDlg_btnMix">
			<de>Mixtur-Rezepte anzeigen</de>	
			<en>Show Mixture Recipes</en>
			<ru>Показать рецепты смесей</ru>
		</text>		
        <text name="ui_animalFoodDlg_sidebar_title">
			<de>Alle Futterarten</de>
			<en>All Food Types</en>
			<ru>Все типы кормов</ru>
		</text>		
	<!-- Dlg mixtures-->
        <text name="ui_mixturesDlg_title">
			<de>Übersicht der Mixtur-Rezepte</de>
			<en>Mixture Recipes Overview</en>
			<ru>Обзор рецептов смесей</ru>
		</text>		
        <text name="ui_mixturesDlg_header_IngredientTitle">
			<de>Bestandteil</de>
			<en>Ingredient</en>
			<ru>Компонент</ru>
        </text>		
        <text name="ui_mixturesDlg_header_Min">
			<de>Min.</de>
			<en>Min.</en>
			<ru>Мин.</ru>
        </text>		
        <text name="ui_mixturesDlg_header_Max">
			<de>Max.</de>
			<en>Max.</en>
			<ru>Макс.</ru>
        </text>		
        <text name="ui_mixturesDlg_header_FillTypeTitles">
			<de>Mögliche Futterarten</de>
			<en>Possible forage types</en>
			<ru>Возможные типы кормов</ru>
        </text>		
	<!-- Text -->
        <text name="txt_Parallel">
			<de>parallel</de>
			<en>parallel</en>
			<ru>паралельный</ru>
        </text>		
        <text name="txt_sequentiel">
			<de>sequentiell</de>
			<en>sequential</en>
			<ru>последовательный</ru>
        </text>		
        <text name="txt_horse">
			<de>Pferd</de>
			<en>Horse</en>
			<ru>Лошади</ru>
        </text>		
        <text name="txt_pig">
			<de>Schwein</de>
			<en>Pig</en>
			<ru>Свиньи</ru>
        </text>		
        <text name="txt_cow">
			<de>Kuh</de>
			<en>Cow</en>
			<ru>Коровы</ru>
        </text>		
        <text name="txt_sheep">
			<de>Schaf</de>
			<en>Sheep</en>
			<ru>Овцы</ru>
        </text>		
        <text name="txt_chicken">
			<de>Huhn</de>
			<en>Chicken</en>
			<ru>Куры</ru>
        </text>		

	</l10n>
</modDesc>
